id,nombre_iniciativa,descripcion,principio_GA,link,fecha_lanzamiento,ambito,representacion,organismo,intitucion_principal,provincia,localidad,domicilio,correo_electronico,telefono
1,Portal de Apertura de Datos,"El programa de apertura de datos se creó a partir del principio de transparencia activa para que la ciudadanía pueda acceder a información, datos, estadísticas e informes que sean de utilidad para transparentar acciones de la gestión de gobierno, como así también generar sinergias con instituciones, sectores productivos, comerciales y académicos.",Datos,http://datos.lujan.gov.ar/,10/10/2020,Gubernamental,Ejecutivo Municipal,Jefatura de Gabinete,Secretaría,Buenos Aires,Luján,San Martín 550 - (CP 6700) - Luján,jefaturadegabinete@lujan.gob.ar,441300
2,ParticipAcción,"Encuentros entre vecinos y vecinas de Bahía Blanca, donde la comunidad tiene la oportunidad de pensar, construir y proponer ideas para sus barrios.A partir de diferentes encuentros, con la participación de funcionarios y funcionarias locales vamos a afianzar el diálogo, la cercanía y la gestión territorial.",Participación,labbahia.com.ar/participaccion/,01/03/2022,Gubernamental,Ejecutivo Municipal,Lab Bahía,,Buenos Aires,Bahía Blanca,"Alsina 65 Piso 1, B8000 Bahía Blanca, Provincia de Buenos Aires",lab@bahia.gob.ar,29145940002289
3,Gabinete en el Barrio,"Una vez por mes, el Gabinete completo sale a los barrios para conversar y dar respuestas a los vecinos y vecinas de la ciudad. A su vez tiene su reunión tradicional de Gabinete en el mismo barrio.",Participación,labbahia.com.ar/gabineteenelbarrio/,01/12/2021,Gubernamental,Ejecutivo Municipal,Lab Bahía,Secretaría General,Buenos Aires,Bahía Blanca,"Alsina 65 Piso 1, B8000 Bahía Blanca, Provincia de Buenos Aires",lab@bahia.gob.ar,29145940002289
4,Observatorio de Transformación Digital,El objetivo del Observatorio de Transformación Digital es mostrar datos e información de la gestión de servicios de la Municipalidad de Córdoba a partir de la elaboración de tableros BI interactivos que facilitan la comprensión y visualización de los datos a la ciudadanía. Los tableros BI son exhibidos públicamente a toda la ciudadanía en el portal municipal Ciudad Transparente.,Transparencia,https://gobiernoabierto.cordoba.gob.ar/visualizaciones/lista/,01/04/2022,Gubernamental,Ejecutivo Municipal,Dirección General de Transformación Digital,"Secretaría de Planeamiento, Modernización y Relaciones Internacionales",Córdoba,Córdoba,"Marcelo T. de Alvear 120, Córdoba.",nperezaguila@cordoba.gov.ar,3514285600
5,Conocimiento Abierto,El objetivo del programa Conocimiento Abierto es publicar experiencias y conocimiento de Transformación Digital Municipal en el portal Ciudad Transparente. Se mostrará públicamente cuál ha sido la estrategia de transformación digital del Municipio de Córdoba y se comunicará aspectos técnicos de su ejecución en conjunto con los distintos actores que dan lugar a la implementación público-privada del proceso de transformación digital mencionado. Participarán empresas del sector Govtech (ej: proveedores de software) y de la Economía del Conocimiento (ej: Universidades).,Transparencia,https://gobiernoabierto.cordoba.gob.ar/conocimiento-abierto/informes/,16/05/2022,Gubernamental,Ejecutivo Municipal,Dirección General de Transformación Digital,"Secretaría de Planeamiento, Modernización y Relaciones Internacionales",Córdoba,Córdoba,"Marcelo T. de Alvear 120, Córdoba.",nperezaguila@cordoba.gov.ar,3514285600
6,Acuerdo Capital,"Es un espacio que la Municipalidad de la Capital de La Rioja abre a la ciudadanía para buscar consensos en las nuevas formas de interactuar en la ciudad entre los vecinos y vecinas y el gobierno. A la vez, sirve para tomar decisiones respecto a la nueva normalidad, es decir las nuevas normas que regirán nuestros actos luego de que superemos la pandemia del COVID 19 que transformará nuestras formas de hacer.Para ello se constituyen mesas de trabajo que contemplan las diferentes actividades que se desarrollan en la ciudad, como por ejemplo la mesa de Reactivación Productiva, la Mesa de Fomento a las Artes, Parámetros para el nuevo Turismo, etc.En este espacio se informa sobre las convocatorias a las diferentes mesas de trabajo, agendas, actividades y los aportes que se realicen para los diferentes sectores.",Participación,https://www.municipiolarioja.gob.ar/index.php/acuerdo-capital,25/05/2020,Gubernamental,Ejecutivo Municipal,Dirección General de Enlace y Cooperación Técnica,Jefatura de Gabinete,La Rioja,La Rioja,"Calle Santa Fé, F5300 La Rioja, Capital",transparencia@municipiolarioja.gob.ar,
7,Portal de transparencia,"Es una herramienta al servicio de la ciudadanía por medio del cual puede acceder a las actividades, acciones e información que se generan en la gestión municipal y dar seguimiento en la distribución y ejecución de los recursos públicos municipales y los funcionarios/as responsables.El vecino a su vez y en ejercicio del derecho a la información también puede solicitar información que considere necesaria y no se encuentre en el portal a través de un Formulario de Solicitud de Información Pública.Este Portal tiene como objetivo la apertura de la gestión Municipal hacia el vecino para una transparente rendición de cuentas.",Transparencia,https://www.municipiolarioja.gob.ar/index.php/municipalidadd/transparencia,20/06/2016,Gubernamental,Ejecutivo Municipal,Dirección General de Enlace y Cooperación Técnica,Jefatura de Gabinete,La Rioja,La Rioja,"Calle Santa Fé, F5300 La Rioja, Capital",transparencia@municipiolarioja.gob.ar,
8,Datos Abiertos,El objetivo es publicar datos en formato de dataset para que la ciudadanía tenga acceso libre a los mismos. Es importante porque aporta transparencia a los datos del municipio de cara a la sociedad.,Datos,https://datos.vivamoscomodoro.gob.ar/,15/06/2021,Gubernamental,Ejecutivo Municipal,Subsecretaria de Modernización y Transparencia,"Secretaría de Gobierno, Modernización y Transparencia",Chubut,Comodoro Rivadavia,Moreno 815 - Comodoro Rivadavia,modernizacion@vivamoscomodoro.gob.ar,+5492974757400
9,Plan de Acción OGP Local,"Acompañamos a municipios en el alcance colaborativo del desarrollo sostenible conjuntamente con sus diversos actores, utilizando la Agenda 2030 como herramienta para generar políticas públicas incorporando una perspectiva de género y un enfoque de juventudes.",Participación,https://gestionabierta.cba.gov.ar/index.php/novedades/,16/11/2020,Gubernamental,Ejecutivo Provincial,Dirección de Articulación y Asuntos Institucionales,Ministerio de Coordinación,Córdoba,,Rosario de Santa Fe 650 - B°Centro - Córdoba Capital,nperezaguila@cordoba.gov.ar,
10,Gobierno Abierto con sentido,"La Provincia transversaliza la Agenda 2030 como horizonte de su rendición de cuentas, tranparentización así como su espacios de participación y colaboración. Publicamos resultados de gestión, alineamos nuestro presupuesto y articulamos con actores hacia los ODS.",Transparencia,https://gestionabierta.cba.gov.ar/,13/03/2019,Gubernamental,Ejecutivo Provincial,Dirección de Articulación y Asuntos Institucionales,Ministerio de Coordinación,Córdoba,,Rosario de Santa Fe 650 - B°Centro - Córdoba Capital,nperezaguila@cordoba.gov.ar,
11,Portal de Gestión Abierta,"Herramienta de rendición de cuentas y transparencia activa que da cuenta de las acciones de gobierno, sus ejes estratégicos, y grupos de interés. También se encuentran transparentadas bases de datos que alimentan la información de gestión publicada en la misma página.",Rendición de cuentas,https://gestionabierta.cba.gov.ar/,04/12/2018,Gubernamental,Ejecutivo Provincial,Dirección de Articulación y Asuntos Institucionales,Ministerio de Coordinación,Córdoba,,Rosario de Santa Fe 650 - B°Centro - Córdoba Capital,nperezaguila@cordoba.gov.ar,
12,Portal Gobierno Abierto,El sitio temático de Gobierno Abierto que busca generar participación ciudadana asegurando el acceso ágil a la información pública. Mediante el mismo se pretende garantizar transparencia en la gestión y en la administración municipal a través de la apertura de datos. En el sitio se encuentra información sobre: Declaraciones Juradas de Funcionarios y Funcionarias Municipales; Licitaciones Públicas; Convocatorias para la Selección de Personal Municipal; Ordenanzas y Decretos; Presupuesto; Composición de gastos y recursos; Informes de Auditoría; Informes de Evaluaciones; Relevamientos y Datos de la ciudad; etc.,Transparencia,https://www.rafaela.gob.ar/gobiernoabierto/GobiernoAbierto.aspx,01/01/2016,Gubernamental,Ejecutivo Municipal,"Secretaría de Auditoría, Evaluación y Transparencia",Municipalidad,Santa Fe,Rafaela,Moreno 8 - Rafaela - Santa Fe,evalua@rafaela.gob.ar,
13,Comisiones de monitoreo de obra pública,"Se implementan en la ciudad Comisiones de Monitoreo para Obras Públicas, específicamente para obras de desagües cloacales. Las comisiones están conformadas por las secretarías municipales (Hacienda y Finanzas; Gobierno y Participación; Obras y Servicios Públicos; Auditoría, Evaluación y Finanzas) y empresas provinciales.",Transparencia,http://evalua.rafaela.gob.ar/,01/01/2018,Gubernamental,Ejecutivo Municipal,"Secretaría de Auditoría, Evaluación y Transparencia",Municipalidad,Santa Fe,Rafaela,Moreno 8 3er Piso- Rafaela - Santa Fe,evalua@rafaela.gob.ar,
14,Compromisos de la Ciudad,"Los Compromisos son parte del modelo de gestión de la Ciudad de Buenos Aires desde 2016 y son una nueva forma de gobernar y vincularse con la ciudadaní?a. Estos son objetivos específicos, medibles y con plazos de cumplimiento sobre los que se rinde cuentas de manera permanente.",Rendición de cuentas,https://www.buenosaires.gob.ar/compromisos,23/02/2016,Gubernamental,Ejecutivo Municipal,Subsecretaría de Gobierno Abierto y Rendición de Cuentas,Secretaría General y Relaciones Internacionales,Ciudad Autónoma de Buenos Aires,,"Uspallata 3160, 3° piso, CABA",gobiernoabierto@buenosaires.gob.ar,
15,BA Obras,"El portal pone a disposición de la ciudadanía toda la información sobre las obras públicas que están transformando los 48 barrios de la Ciudad de Buenos Aires. Incluye información sobre las obras destacadas del plan de obra pública, las ya realizadas y las que están planificadas.",Transparencia,https://obras.buenosaires.gob.ar/,02/11/2017,Gubernamental,Ejecutivo Municipal,Subsecretaría de Gobierno Abierto y Rendición de Cuentas,Secretaría General y Relaciones Internacionales,Ciudad Autónoma de Buenos Aires,,"Uspallata 3160, 3° piso, CABA",gobiernoabierto@buenosaires.gob.ar,
16,BA Cambio Climático,"La plataforma reúne todas las políticas de eficiencia energética, movilidad sustentable y gestión de residuos de la Ciudad de Buenos Aires. Además, es posible acceder al Plan de Acción Climática, que busca hacer de ésta una ciudad resiliente, carbono neutral e inclusiva.",Transparencia,https://www.buenosaires.gob.ar/cambioclimatico,11/11/2020,Gubernamental,Ejecutivo Municipal,Subsecretaría de Gobierno Abierto y Rendición de Cuentas,Secretaría General y Relaciones Internacionales,Ciudad Autónoma de Buenos Aires,,"Uspallata 3160, 3° piso, CABA",gobiernoabierto@buenosaires.gob.ar,
17,Portal de Transparencia de Gobierno,"La finalidad de este portal es adecuar la información pública a Datos Abiertos según lo establece la ley Nacional Nº 27275, para que los vecinos y vecinas puedan evaluar los actos de gobierno de manera transparente y con libre acceso. Entre ellos está, digesto digital, que ordena y pública en un mismo lugar las normativas que rigen la actividad dentro del ámbito municipal de forma ágil, intuitiva y a disposición de la población, con métodos de amplio alcance. Mediante dicho portal, la municipalidad publicará información general para conocimiento público, como escalas salariales, ejecuciones presupuestarias, licitaciones y concursos, entre otros.",Transparencia,https://corraldebustos.gob.ar/transparencia/,23/11/2021,Gubernamental,Ejecutivo Municipal,Modernización,"Secretaría de Economia, Hacienda y Finanzas",Córdoba,Corral de Bustos Ifflinger,Pje. Int. Dr. Juan Pérez Crespo 127 (X2645CMA)Departamento Marcos Juárez. Provincia de Córdoba.,prensa@corraldebustos.gov.ar,3468531004
18,Presupuesto Participativo Municipal,"Proponemos la creación de una plataforma en donde los vecinos y vecinas puedan cargar proyectos y propuestas para ser llevados a cabo en la localidad. Esta plataforma servirá para implementar un presupuesto participativo, en donde cualquier persona con domicilio en Corral de Bustos Ifflinger pueda presentar propuestas para mejorar la vida de los ciudadanos, ya sea interviniendo el espacio público, haciendo propuestas de creación de valor, protección ambiental, desarrollo social, etc. Las propuestas serán revisadas técnicamente por un panel de expertos para determinar su viabilidad fáctica y presupuestaria; y finalmente serán los mismos vecinos y vecinas de la localidad quienes voten cuáles proyectos se lleven a cabo.",Participación,https://presupuestoparticipativo.unc.edu.ar/municipio/corraldebustos2022,28/03/2022,Gubernamental,Ejecutivo Municipal,Modernización,"Secretaría de Economia, Hacienda y Finanzas",Córdoba,Corral de Bustos Ifflinger,Pje. Int. Dr. Juan Pérez Crespo 127 (X2645CMA)Departamento Marcos Juárez. Provincia de Córdoba.,prensa@corraldebustos.gov.ar,3468531004
19,Portal de Datos,Ponemos a tu alcance datos públicos en formatos abiertos para que puedas visualizar y compartir la transparencia y el acceso a la información pública de la ciudad y promover instancias de co-creación a los principios de participación y colaboración ciudadana.,Datos,https://perez.opendata.junar.com/home,11/12/2021,Gubernamental,Ejecutivo Municipal,Dirección de Desarrollo Social,Intendencia municipal,Santa Fe,Pérez,"Av. Sarmiento 1198, Perez, Santa Fe",gusorrego@gmail.com,3416632032
20,Acceso a la información pública y transparencia activa,"El municipio de Pergamino comienza su plan de Apertura de Datos Públicos mediante el diseño de un catálogo de datos abiertos. En setiembre de 2018 mediante la ordenanza https://www.pergamino.gob.ar/programas/boletin/1734.pdf regula el Acceso a la Información Pública. En 2019, 2020 y 2021 participa del índice de Datos Abiertos de Ciudades Abiertas Argentinas obteniendo el puesto 6 en 2021 con el 85% de apertura https://2021.indicedatosabiertos.org/ Esta plataforma esta implementada por el Municipio y desarrollada por Andino con CKAN. Todos los datasets están en nivel de tres estrellas: abiertos, estructurados, y no propietarios. Es desde este nivel que los datos abiertos se encuentran en formato CSV y permiten consolidar su potencial para que su reutilización sea fácil, productiva, y genere impacto. En el proyecto NADA PARA NOSOTROS SIN NOSOTROS implementaremos cuatro estrellas para el dataset que contendrá los datos de los tipos de accesibilidad de los espacios públicos como forma de garantizar que una persona con discapacidad conozca el medio de apoyo que tiene el edificio antes de salir de su casa.",Datos,http://datosabiertos.pergamino.gob.ar/,07/09/2017,Gubernamental,Ejecutivo Municipal,Gobierno Abierto,"Secretaria de Modernización, Innovación y Tecnologías",Buenos Aires,Pergamino,"Florida 629, Pergamino, Provincia de Buenos Aires , B2700DFO",silvana.pirchi@pergamino.gob.ar,5492477674673
21,Mapa de accesos wifi,Inclusión digital de la ciudadanía a través de accesos wifi. Incorpora la transparencia visibilizando las distintas redes pertenecientes a organismos públicos y empresa estatal,Transparencia,https://www.google.com/maps/d/u/0/viewer?mid=1iymv7sWV-tPLSG7Yrma6eEImTmHxUIj-&ll=-37.02544243708141%2C-65.86841759448605&z=6,30/10/2021,Gubernamental,Ejecutivo Provincial,Laboratorio de Innovación Pública,Ministerio de Conectividad y Modernización,La Pampa,,"Centro Cívico 2º Piso ala Oeste (Av. Luro y Av. San Martín, L6300 Santa Rosa, La Pampa",labip@lapampa.gob.ar,2954397036
22,Mapa de Obras públicas,Informar de manera accesible el avance de la obra pública provincial y su georreferenciación. Incorpora la transparencia visibilizando las distintas obras realizadas por el Gobierno de La Pampa.,Transparencia,https://obras.lapampa.gob.ar/,09/11/2021,Gubernamental,Ejecutivo Provincial,Laboratorio de Innovación Pública,Ministerio de Conectividad y Modernización,La Pampa,,"Centro Cívico 2º Piso ala Oeste (Av. Luro y Av. San Martín, L6300 Santa Rosa, La Pampa",labip@lapampa.gob.ar,2954397036
23,Compromisos de Gestión,"Los Compromisos de Gestión son los objetivos estratégicos del plan de gobierno para la transformación de Quilmes. Se trata de proyectos que involucran tanto obras de infraestructura como políticas de seguridad, políticas sociales, de géneros, y de modernización y transparencia del Estado.Cada compromiso responde al diseño de metas claras, medibles y comprobables, y su estado de avance es público con el propósito de que sean los vecinos y vecinas quienes puedan auditar el seguimiento y cumplimiento de los mismos.Los compromisos nacieron cuando asumimos la gestión en 2019, y este año 2022 sumamos 8 nuevos proyectos a esta iniciativa. Actualmente, contamos con un total de 30 compromisos.",Rendición de cuentas,https://www.quilmes.gov.ar/compromisos,10/12/2019,Gubernamental,Ejecutivo Municipal,Jefatura de Gabinete,Quilmes,Buenos Aires,Quilmes,"Alberdi 500, Quilmes Centro.",jefatura@quilmes.gov.ar,43503000
24,Portal de Obras,"Con el fin de promover una política de transparencia, desde el municipio de Quilmes diseñamos el portal de obras para que los vecinos y vecinas puedan conocer la ubicación y fiscalizar el avance de todas las obras llevadas a cabo por la gestión municipal.El Portal de Obras muestra un mapa interactivo con información georreferenciada y el detalle de las obras según estén finalizadas, en estado de proyecto o en ejecución.",Transparencia,https://quilmes.gov.ar/institucional/Mapa_obras,04/01/2021,Gubernamental,Ejecutivo Municipal,Jefatura de Gabinete,Quilmes,Buenos Aires,Quilmes,"Alberdi 500, Quilmes Centro.",jefatura@quilmes.gov.ar,43503000
25,Portal de Datos,"En el marco de las iniciativas de promoción de apertura de datos como política fundamental de impulso hacia una gestión transparente y participativa, el municipio de Quilmes cuenta con un Portal de Datos que pone a disposición de los vecinos y vecinas información pública clave.Para mayor accesibilidad y utilidad de los datos públicos, el portal permite la visualización y descarga de la información en diversos formatos, en su mayoría abiertos, para que puedan ser usados, modificados y compartidos en función de los objetivos de quienes acceden a ellos.",Datos,http://datos.quilmes.gov.ar/,01/12/2020,Gubernamental,Ejecutivo Municipal,Jefatura de Gabinete,Quilmes,Buenos Aires,Quilmes,"Alberdi 500, Quilmes Centro.",jefatura@quilmes.gov.ar,43503000
26,Portal de Datos Abiertos,"El proyecto tiene como objetivo general promover la transparencia, la rendición de cuentas en la gestión municipal y la participación ciudadana, así como también la disponibilización de datos sobre la ciudad que permitan la co-creación de soluciones inteligentes de base tecnológica.",Datos,https://datos.ciudaddecorrientes.gov.ar/,01/07/2020,Gubernamental,Ejecutivo Municipal,Dirección General de Innovación Pública y Gobierno Abierto,"Subsecretaría de Modernización, Innovación y Tecnología",Corrientes,Corrientes,"25 de Mayo 1132, W3400 BCN, Corrientes",dginnovacionygobiernoabierto@ciudaddecorrientes.gov.ar,
27,Apertura de Datos del Gobierno de Mendoza,"Mendoza adopta al derecho de acceso a la información como una política pública que contribuye a la transparencia de la gestión pública, fortalece la confianza entre los ciudadanos y el Estado, facilita los controles del obrar público y estimula la eficiencia y la efectividad de las administraciones. La disponibilidad de los datos públicos en condiciones adecuadas para su uso y reutilización constituye un elemento catalizador a fin de crear condiciones efectivas para lograr un mayor fortalecimiento del proceso democrático y un cambio en la cultura organizacional orientada a la apertura. La iniciativa apunta a la apertura de datos de todos los Ministerios, Secretarías del Poder Ejecutivo Provincial y Entes Descentralizados, invitando a sumarse a los Municipios; empresas y sociedades del Estado o con participación estatal mayoritaria y aquellos entes en los que la Provincia se encuentre asociada a una o varias provincias y/o municipalidades.",Datos,http://datosabiertos.mendoza.gov.ar/,29/03/2017,Gubernamental,Ejecutivo Provincial,Dirección de Políticas Públicas e Innovación,Subsecretaría de Gestión Publica y Modernización del Estado,Mendoza,,"Av. Peltier 351, Mendoza",politicaspublicas@mendoza.gov.ar,542613852158
28,Centro de Información y Estudios Económicos de la Provincia de Buenos Aires,"El Centro de Información y Estudios Económicos busca facilitar el acceso a diversos datos económicos de la Provincia de Buenos Aires producidos por el Ministerio de Hacienda y Finanzas y otros organismos públicos, para contribuir a su análisis a partir de la visualización y descarga en formato abierto. Ofrece además la publicación de los estudios económicos producidos por el Ministerio en la actualidad y a lo largo de su historia, así como también un conjunto de herramientas que facilitan el análisis de la situación económica bonaerense.",Transparencia,https://estudioseconomicos.ec.gba.gov.ar/,01/10/2021,Gubernamental,Ejecutivo Provincial,Dirección Provincial de Estudios y Análisis Económicos,Ministerio de Hacienda y Finanzas,Buenos Aires,,"https://www.google.com/maps/place/Ministerio+de+Hacienda+y+Finanzas/@-34.912191,-57.9538887,15z/data=!4m6!3m5!1s0x95a2e6365c052845:0x293ba721910fb262!8m2!3d-34.912191!4d-57.9538887!16s%2Fg%2F1hf84zh6h?entry=ttu",gbeyrne@ec.gba.gov.ar,02214294487
29,Portal Gobierno Abierto,"La información pública disponible en formato digital del Gobierno de Entre Ríos está centralizada en el portal de Gobierno Abierto. Desde 2020 la Secretaría de Modernización se encuentra trabajando en el desarrollo de una plataforma de Datos Abiertos. Los datos abiertos son aquellos a los que cualquier persona puede acceder, usar y compartir libremente. Sólo deben atribuirse y compartirse con la misma licencia con la que fueron publicados.",Transparencia,https://www.entrerios.gov.ar/gobiernoabierto/index.php,06/02/2017,Gubernamental,Ejecutivo Provincial,Subsecretaría de Planificación y Gestión Pública,Secretaría de Modernización,Entre Ríos,,"San Martín 655 , Entre Ríos",dlaurens@entrerios.gov.ar,03434840438
30,Infraestructura de Datos Espaciales,"El geoportal de Entre Ríos reúne toda la información geoespacial elaborada por las diferentes áreas gubernamentales. Actualmente se encuentran publicadas 17 capas de información pertenecientes a la Dirección General de Estadística y Censos, Dirección General de Hidráulica, Dirección de Epidemiología, Dirección de Economía e Información Agroalimentaria, Facultad de Ciencia y Tecnología (UADER) y del Centro Regional de Geomática. También mapas temáticos referentes al Programa provincial de Educación Ambiental, mapas con información referente al Sistema Estadístico Provincial, el Mapa de Suelos y Ambientes de Entre Ríos (2008) y el Mapa Geológico de la provincia.",Transparencia,https://www.entrerios.gov.ar/ideer/,14/05/2019,Gubernamental,Ejecutivo Provincial,Subsecretaría de Planificación y Gestión Pública,Secretaría de Modernización,Entre Ríos,,"San Martín 655 , Entre Ríos",dlaurens@entrerios.gov.ar,03434840438
31,Portal Nacional de Datos Públicos del Ministerio de Salud de la Nación,"Desde la Dirección de Estadística e Información en Salud (DEIS) articulamos con las distintas áreas técnicas y Direcciones del Ministerio de Salud de la Nación acompañando y capacitando a quienes lo requieran, sobre la puesta en marcha y el trabajo conjunto desde la necesidad que tenga las mismas para visibilizar y disponer sus datos para la comunidad, cooperando en el asesoramiento continuo, comunicación, disposición de la información e interoperabilidad de los distintos datasets, asegurando la protección de datos personales y estructura de datos, con una asistencia y coordinación permanente desde la DEIS siguiendo las sugerencias y recomen",Datos,http://datos.salud.gob.ar/,01/11/2017,Gubernamental,Ejecutivo Nacional,Dirección de Estadística e Información en Salud - Coordinación de Datos Abiertos,Ministerio de Salud,,,"Avenida 9 de Julio 1925, CABA",Informaciondeis@gmail.com,43799024
32,Portal de Datos Abiertos de la Justicia Argentina,"Primera plataforma de datos abiertos del sector justicia de Argentina. Publica conjuntos de datos en formato abierto sobre actividades del Ministerio de Justicia y Derechos Humanos de la Nación (relativas a cuestiones tales como acceso a la justicia, sistema registral y derechos humanos, entre otras), datos de instituciones de justicia a nivel federal y nacional (estructura, nómina de jueces, juezas, fiscales y defensores/as, estado de cobertura de cargos y de concursos, subrogancias, vacancias y estado de tramitación de los concursos en el ámbito del Consejo de la Magistratura y de los ministerios públicos, información estadística sobre género de magistrados/as designados/as) y de instituciones de justicia provinciales (casos en materia penal y civil, incluyendo delitos, actos y tiempos procesales). La publicación de datos en formato. CSV se acompaña de visualizaciones basadas en los datos publicados.",Datos,http://datos.jus.gob.ar/ ,23/03/2016,Gubernamental,Ejecutivo Nacional,Dirección Nacional de Política Criminal en materia de Justicia y Legislación Penal,Ministerio de Justicia y Derechos Humanos,,,"Sarmiento 329, C1041AAE CABA",HOlaeta@jus.gob.ar,53004000
33,Plataforma de Datos sobre Política Criminal,"Plataforma pública y de libre acceso a datos estadísticos sobre política criminal que incluye las bases del Sistema Nacional de Estadísticas sobre Ejecución de la Pena (SNEEP) y del Sistema Nacional de Estadísticas Judiciales (SNEJ), informes sobre estudios específicos que realiza la DNPC referidos a distintos temas (por ejemplo: sobre Ley N° 23.737; desfederalización en materia de estupefacientes; violencia contra las mujeres, relevamiento de personas detenidas con prisión domiciliaria y vigilancia electrónica; contrabando de estupefacientes y vulnerabilidad, entre otros), datos en formatos abiertos ya disponibles en materia de política criminal e información referida a las capacitaciones que brinda la DNPC, así como también toda información que reúne los requisitos de gobierno abierto para su publicidad.",Transparencia,https://www.argentina.gob.ar/justicia/politicacriminal/estadisticas,01/12/2021,Gubernamental,Ejecutivo Nacional,Dirección Nacional de Política Criminal en materia de Justicia y Legislación Penal,Ministerio de Justicia y Derechos Humanos,,,"Sarmiento 329, C1041AAE CABA",HOlaeta@jus.gob.ar,53004000
34,Obras entre todos,"Objetivo: Votar los proyectos de obras para ser financiados con fondos mineros. Participación: la ciudadanía elige proyectos que podrán ser incluidos en el Presupuesto General de Cálculo de Gastos y Recursos del Sector Público Provincial con fondos provenientes de la actividad minera. Pueden votar las personas mayores de dieciocho (18) años que tengan domicilio real en alguno de los departamentos donde se realizarían los proyectos de inversión, proyectos de obras de infraestructura y proyectos de desarrollo productivo.",Participación,https://entretodos.catamarca.gob.ar,01/09/2021,Gubernamental,Ejecutivo Provincial,Secretaría de Modernización,Secretaría de Modernización,Catamarca,,"https://www.google.com/maps/place/Secretar%C3%ADa+de+Modernizaci%C3%B3n+del+Estado/@-28.4588448,-65.7629105,15z/data=!4m6!3m5!1s0x942429fef071b12d:0x4b2eb621672609cb!8m2!3d-28.4588448!4d-65.7629105!16s%2Fg%2F11j2f9w1md?entry=ttu",rarganaraz@catamarca.gov.ar,
35,Datos Abiertos de Turismo,El Portal de Datos Abiertos tiene como principal objetivo poner a disposición de usuarios y usuarias toda la información estadística que produce el organismo. Aquí se condensa en diferentes formatos re-utilizables el conjunto de datos provenientes de todas las fuentes de información con las que cuenta el ministerio para el sector turístico.,Datos,https://datos.yvera.gob.ar/,28/12/2020,Gubernamental,Ejecutivo Nacional,Dirección Nacional de Mercados y Estadística,Ministerio de Turismo y Deportes,,,"Suipacha 1111, C1008 CABA",estadistica@turismo.gob.ar,
36,Sistema de Información Turística de la Argentina (SINTA),"El SINTA tiene como principal objetivo concentrar en una única plataforma las diferentes estrategias que lleva adelante la Dirección Nacional de Mercados y Estadística del Ministeiro de Turismo y Deportes para poner a disposición el conjunto de información estadística producida. Allí se puede acceder al Portal de Datos Abiertos, tableros, informes, bases de microdatos, calendario de publicación, recursos metodológicos y hasta una bitácora en donde se informa sobre avances y desarrollos en los que se encuentra trabajando el área.",Transparencia,https://www.yvera.tur.ar/sinta/,07/10/2021,Gubernamental,Ejecutivo Nacional,Dirección Nacional de Mercados y Estadística,Ministerio de Turismo y Deportes,,,"Suipacha 1111, C1008 CABA",estadistica@turismo.gob.ar,
37,Iniciativa para la Transparencia de las Industrias Extractivas (EITI),"EITI es una iniciativa internacional para mejorar la transparencia y la rendición decuentas de las industrias extractivas a través de la publicación, verificación completay divulgación de información sobre asuntos clave en la gestión de los recursoshidrocarburíferos y mineros.",Transparencia,https://www.argentina.gob.ar/produccion/eiti,27/02/2019,Gubernamental,Ejecutivo Nacional,Unidad Gabinete de Asesores,Ministerio de Desarrollo Productivo,,,"Av. Presidente Julio A. Roca 651, C1057 CABA",dnmejoradelagestion@produccion.gob.ar,
38,Mesa Nacional sobre Minería Abierta a la Comunidad (MEMAC),"La MEMAC es un espacio de diálogo abierto, plural y federal sobre la actividad minera con el objetivo de generar encuentros transdisciplinarios para debatir sobre los diferentes aspectos vinculados a la actividad y potenciar una minería que cuida el ambiente, genera puestos de trabajo y mejora las comunidades donde se inserta.",Participación,https://www.argentina.gob.ar/produccion/memac,02/05/2022,Gubernamental,Ejecutivo Nacional,Unidad Gabinete de Asesores,Ministerio de Desarrollo Productivo,,,"Av. Presidente Julio A. Roca 651, C1057 CABA",dnmejoradelagestion@produccion.gob.ar,
39,Sistema de Información Abierta a la Comunidad sobre la Actividad Minera en Argentina (SIACAM),"El SIACAM es una plataforma con información periódica sobre los aspectos económicos, geológicos, geográficos, sociales, sanitarios y ambientales de la minería en Argentina cuyo objetivo es generar datos de la actividad y ponerla a disposición de la sociedad para un mejor conocimiento de sus implicancias.",Transparencia,https://www.argentina.gob.ar/produccion/mineria/siacam,02/05/2022,Gubernamental,Ejecutivo Nacional,Unidad Gabinete de Asesores,Ministerio de Desarrollo Productivo,,,"Av. Presidente Julio A. Roca 651, C1057 CABA",dnmejoradelagestion@produccion.gob.ar,
40,CO- GOB - Gestión colaborativa de los saberes en Gobierno,,Participación,,,Gubernamental,Ejecutivo Provincial,,"Ministerio de Niñez, Adolescencia, Juventud y Ciudadanía",Neuquén,,"Entre Ríos 303, Q8300 Neuquén",nqnlab@gmail.com,
41,#LaTeNQN Laboratorios de los Territorios del Neuquén,,Innovación,,,Gubernamental,Ejecutivo Provincial,,"Ministerio de Niñez, Adolescencia, Juventud y Ciudadanía",Neuquén,,"Entre Ríos 303, Q8300 Neuquén",nqnlab@gmail.com,
42,Escuela de Facilitadores de Innovación Pública,,Innovación,,,Gubernamental,Ejecutivo Provincial,,"Ministerio de Niñez, Adolescencia, Juventud y Ciudadanía",Neuquén,,"Entre Ríos 303, Q8300 Neuquén",nqnlab@gmail.com,
43,Talleres participativos. Red integral de cuidados,,Participación,https://santafeciudad.gov.ar/secretaria-de-politicas-de-cuidados-y-accion-social/,,Gubernamental,Ejecutivo Municipal,,Secretaría de Gobierno,Santa Fe,Santa Fe,"Salta 2951 – 1º piso, Santa Fe",i.sanz@santafeciudad.gov.ar,
44,Portal Municipal de Transparencia,,Transparencia,https://santafeciudad.gov.ar/transparencia/,,Gubernamental,Ejecutivo Municipal,,Secretaría de Gobierno,Santa Fe,Santa Fe,"Salta 2951, Santa Fe",i.sanz@santafeciudad.gov.ar,
45,Programa Tejiendo Redes,,Participación,,,Gubernamental,Ejecutivo Provincial,,Ministerio de Seguridad de la Provincia de Tucuman,Tucumán,,"25 de mayo 90, San Miguel de Tucumán 4000",sec.participacionciudadanatuc@gmail.com,
46,Pérez Lab- Laboratorio de Innovación Social,,Innovación,,,Gubernamental,Ejecutivo Municipal,,Intendencia municipal,Santa Fe,Pérez,"Sarmiento 1198, Perez, Santa Fe",gusorrego@gmail.com,
47,Rondas Barriales,,Participación,,,Gubernamental,Ejecutivo Municipal,,Intendencia municipal,Santa Fe,Pérez,"Sarmiento 1198, Perez, Santa Fe",gusorrego@gmail.com,
48,Colaboración e innovación,,Innovación,,,Gubernamental,Ejecutivo Municipal,,"Secretaria de Modernización, Innovación y Tecnologías",Buenos Aires,Pergamino,"Dr. Leandro N. Alem 411, Pergamino, BA.",silvana.pirchi@pergamino.gob.ar,
49,Participación ciudadana e innovación colaborativa,,Participación,,,Gubernamental,Ejecutivo Municipal,,"Secretaria de Modernización, Innovación y Tecnologías",Buenos Aires,Pergamino,"Dr. Leandro N. Alem 411, Pergamino, BA.",silvana.pirchi@pergamino.gob.ar,
50,Portal Unico de Gobierno,,Transparencia,https://portal.catamarca.gob.ar,,Gubernamental,Ejecutivo Provincial,,Secretaría de Modernización,Catamarca,,"https://www.google.com/maps/place/Secretar%C3%ADa+de+Modernizaci%C3%B3n+del+Estado/@-28.4588448,-65.7629105,15z/data=!4m2!3m1!1s0x0:0x4b2eb621672609cb?sa=X&ved=2ahUKEwijs_S-qPaCAxXRqZUCHa8uCCoQ_BJ6BAhgEAA",rarganaraz@catamarca.gov.ar,
51,Servicios a la Ciudadanía ,"Es un sitio que ofrece alternativas dinámicas para acceder a toda la información sistematizada y relevante de servicios, trámites, contactos institucionales, catálogo de datos abiertos y herramientas de gobierno abierto.Está diseñada para toda persona que demanda información accesible y concreta.",Transparencia,https://www.argentina.gob.ar/senasa/servicios-la-ciudadania ,02/05/2022,Gubernamental,Ejecutivo Nacional,Coordinación de Documentación e Información al Ciudadano,Servicio Nacional de Sanidad y Calidad Agroalimentaria,,,"Av. Paseo Colón 367, C1063ACD CABA",responde@senasa.gob.ar,1163728527
52,Portal de Datos Abiertos del Ministerio de Desarrollo Productivo ,"Se pone a disposición de la ciudadanía el sitio web con los datos públicos del Ministerio, el cual se encuentra en constante actualización y crecimiento.",Datos,datos.produccion.gob.ar,17/05/2021,Gubernamental,Ejecutivo Nacional,Dirección Nacional de Mejora de la Gestión Productiva,Ministerio de Desarrollo Productivo,,,"Av. Presidente Julio A. Roca 651, C1057 CABA",dnmejoradelagestion@produccion.gob.ar,
53,Programa Universidad Transparente,La transparencia es uno de los ejes centrales de la gestión que la UNCuyo encaró desde el año 2015. Universidad Transparente es un modelo de gestión que se está implementando en la UNCUYO para garantizar y mejorar el derecho a la información pública.Este programa busca promover una cultura de la transparencia y del buen gobierno en la UNCuyo y también desde ella hacia Mendoza. Por ello su diseño implica distintas dimensiones que permiten participar a diferentes claustros y disciplinas en el debate de la transparencia como principio y como instrumento de gestión.,Transparencia,https://www.uncuyo.edu.ar/transparencia/,01/09/2015,No gubernamental,Academia,Secretaría de Gestión Económica y de Servicios,Universidad Nacional de Cuyo,Mendoza,,"Centro Universitario M5502JMA. Mendoza, Argentina",transparencia@uncu.edu.ar,-
54,ParticipaMGP Presupuesto Participativo,"El Presupuesto Participativo es una iniciativa a través de la cual los vecinos y vecinas proponen y votan en qué invertir parte del presupuesto municipal. ParticipaMGP se implementa a partir de una plataforma digital que permite la gestión integral del Presupuesto Participativo de manera transparente, generando instancias de diálogo entre el vecino/a y el gobierno.",Participación,participa.mardelplata.gob.ar,10/02/2022,Gubernamental,Ejecutivo Municipal,Dirección de Modernización e Información Estratégica,Municipalidad,Buenos Aires,General Pueyrredon,"Hipólito Yrigoyen 1627, Mar del Plata, Provincia de Buenos Aires, Argentina",participamgp@mardelplata.gob.ar,2234998300
55,Portal de Datos Abiertos,"Portal de datos abiertos del Municipio donde se ponen a disposición de la ciudadanía datos públicos en formatos abiertos para que puedan ser usados, reutilizados o compartidos, además de generar valor agregado sobre los mismos. Permiten conocer datos sobre la ciudad, analizarlos, proponer distintas formas de visualizarlos y generar aplicaciones que los incluyan.",Datos,datos.mardelplata.gob.ar,02/03/2018,Gubernamental,Ejecutivo Municipal,Dirección de Modernización e Información Estratégica,Municipalidad,Buenos Aires,General Pueyrredon,"Hipólito Yrigoyen 1627, Mar del Plata, Provincia de Buenos Aires, Argentina",datos@mardelplata.gob.ar,2234998300
56,Transparencia Fiscal Abierta ,"Página Web de Transparencia Fiscal Presupuestaria Abierta, con información abierta trimestral sobre las erogaciones y los recursos destinados a la financiación del presupuesto general de gastos de la comuna.",Transparencia,https://www.mardelplata.gob.ar/transparencia/transparenciafiscal,01/01/2020,Gubernamental,Ejecutivo Municipal,Dirección de Modernización e Información Estratégica,Municipalidad,Buenos Aires,General Pueyrredon,"Hipólito Yrigoyen 1627, Mar del Plata, Provincia de Buenos Aires, Argentina",datos@mardelplata.gob.ar,2234998300
57,Presupuesto Abierto ,"Plataforma online que muestra de una forma gráfica, abierta y simple cómo se asigna el presupuesto municipal, discriminado por área o por temática y cómo se ejecuta. Responde de forma clara a las preguntas ¿En qué se gasta? y ¿Qué se recauda?",Transparencia,mardelplata.gob.ar/presupuestoabierto ,01/01/2021,Gubernamental,Ejecutivo Municipal,Dirección de Modernización e Información Estratégica,Municipalidad,Buenos Aires,General Pueyrredon,"Hipólito Yrigoyen 1627, Mar del Plata, Provincia de Buenos Aires, Argentina",datos@mardelplata.gob.ar,2234998300
58,Provincia Abierta,"Es la iniciativa de Gobierno Abierto impulsada desde la Dirección Provincial de Planificación Estratégica y Gobierno Abierto de la Subsecretaría de Planificación y Evaluación del Ministerio de JGM de la provincia de Buenos Aires basada en los principios de transparencia, participación y colaboración. Esto implica una política de apertura de la información y la implementación de procesos innovadores con el fin de encontrar soluciones a los problemas públicos.",Transparencia,https://www.gba.gob.ar/provinciaabierta,01/04/2018,Gubernamental,Ejecutivo Provincial,Dirección Provincial de Planificación Estratégica y Gobierno Abierto,Ministerio de Jefatura de Gabinete de Ministros,Buenos Aires,,"Calle 6 entre 53 y 51, La Plata, Buenos Aires.",asesoresjg@gba.gob.ar,-
59,LAB Salta,"Es un espacio dinámico destinado a trabajar problemas públicos de forma colaborativa, desafiando las formas tradicionales en las operaciones de las estructuras gubernamentales. Actuando de forma diferente, proporciona las condiciones necesarias para crear y probar soluciones rápidamente y en pequeña escala, siguiendo la lógica de la práctica experimental e interactiva de investigación, prueba y aprendizaje.",Innovación,https://www.instagram.com/participacionsalta/,20/10/2021,Gubernamental,Ejecutivo Provincial,Secretaría de Participación Ciudadana y Relaciones con la Comunidad,"Ministerio de Gobierno, Derechos Humanos y Trabajo",Salta,,"Bartolomé Mitre 448, Salta",labsalta.spc@gmail.com,-
60,YO GOBIERNO SALTA,"Es una plataforma digital y colaborativa que el Gobierno de Salta puso a disposición de los ciudadanos para que puedan aportar ideas y propuestas, estableciendo un contacto mucho más directo con el Estado y participando en la co-creación de políticas públicas que brinden soluciones a problemáticas cotidianas.",Participación,https://yogobierno.salta.gob.ar/home,30/11/2021,Gubernamental,Ejecutivo Provincial,Secretaría de Participación Ciudadana y Relaciones con la Comunidad,"Ministerio de Gobierno, Derechos Humanos y Trabajo",Salta,,"Bartolomé Mitre 448, Salta",labsalta.spc@gmail.com,-
61,Red PartiCIP,"Grupo de personas e instituciones de diversos sectores (público, privado, academia, organizaciones de la sociedad civil, ciudadanía) que buscan coordinar y movilizar agendas ciudadanas dentro del gobierno provincial; a fin de generar un espacio transversal e interdisciplinar de conversaciones directas y fluida para gestionar acciones conjuntas.",Participación,https://www.instagram.com/participacionsalta/,18/03/2022,Gubernamental,Ejecutivo Provincial,Secretaría de Participación Ciudadana y Relaciones con la Comunidad,"Ministerio de Gobierno, Derechos Humanos y Trabajo",Salta,,"Bartolomé Mitre 448, Salta",labsalta.spc@gmail.com,-
62,Gobierno Participativo de TIC,"Desde hace 26 años desarrollamos soluciones informáticas para las universidades nacionales mediante una gobernanza abierta y colaborativa de la tecnología. Creamos comunidades de práctica, con más de 8000 personas de todo el país, donde se priorizan requerimientos, definen tecnologías y se toman decisiones en conjunto.",Transparencia,https://portal.comunidad.siu.edu.ar/ ,01/02/1996,Gubernamental,Ejecutivo Nacional,Sistema de Información Universitaria,Consejo Interuniversitario Nacional,,,"Ecuador 871 - 3° piso, Buenos Aires - Argentina",info@siu.edu.ar,01152173101
63,Portal Universidades Compran,"Este portal consolida los procedimientos de compras y contrataciones vigentes de las universidades nacionales, publicados en los portales de compras públicas SIU-Diaguita. Permite que proveedores y la ciudadanía puedan acceder a estos datos otorgando transparencia e innovación.",Transparencia,https://universidadescompran.cin.edu.ar/ ,04/11/2020,Gubernamental,Ejecutivo Nacional,Sistema de Información Universitaria,Consejo Interuniversitario Nacional,,,"Ecuador 871 - 3° piso, Buenos Aires - Argentina",info@siu.edu.ar,01152173101
64,Reactivación y automatización de procesos para la actualización de datos en el portal de Datos Abiertos – ENACOM,"Desde la Unidad de Integridad y Transparencia trabajamos en la re activación y actualización de los datos publicados en el portal de Datos Abiertos del organismo. Asimismo, y trabajando en conjunto con el área de sistemas del organismo, se busca la automatización de procesos y servicios que permitirán la actualización de la información de manera automática, buscando de esta manera minimizar los riesgos y tener la información al día.",Datos,https://datosabiertos.enacom.gob.ar/home,01/06/2021,Gubernamental,Ejecutivo Nacional,Unidad de Integridad y Transparecia,Ente Nacional de Comunicaciones,,,"Peru 103, CABA",scravero@enacom.gob.ar,-
65,Presupuesto Participativo UNGS,Desde el año 2013 la Universidad Nacional de General Sarmiento implementa el Presupuesto Participativo. Fue aprobada por Resolución y posteriormente se incorporo al Estatuto. Tiene la particularidad de promover la participación igualitaria de los 4 claustros.,Participación,http://pparticipativo.ungs.edu.ar/,01/04/2013,No gubernamental,Academia,Programa de Presupuesto Participativo UNGS,Secretaría de Admininstración UNGS,,,Juan María Gutiérrez 1150 (entre José León Suarez y Verdi)Los Polvorines | CP 1613 | Pcia de Bs. As | Argentina,presupuestoparticipativo@campus.ungs.edu.ar,-
66,"Publicación de bases de microdatos de Homicidios dolosos, Muertes viales y Suicidios","A finales del año 2021 y principios de 2022 se publicaron por primera vez las bases de microdatos de los Sistemas de Alerta Temprana de homicidios dolosos, muertes viales y de suicidios junto a los manuales de usuarios de las bases e informes síntesis. Los mismos se encuentran disponibles en el sitio oficial de la Dirección Nacional de Estadísticas Criminales. Estas bases e informes aportan información cuantitativa y cualitativa y forma parte de las políticas de mejora en la calidad estadística y en el acceso a la información oficial que desarrolla el Ministerio de Seguridad de la Nación, a partir del trabajo mancomunado con las 23 policías provinciales, la policía de la Ciudad Autónoma de Buenos Aires y las fuerzas federales (Gendarmería Nacional, Policía Federal, Policía de Seguridad Aeroportuaria y Prefectura Naval Argentina). Se trata de un trabajo interinstitucional y federal que se desarrolla a lo largo de todo el año.Se planifica para los próximos meses, publicar la base de SAT Delitos contra la propiedad.",Transparencia,https://www.argentina.gob.ar/seguridad/estadisticascriminales,21/11/2021,Gubernamental,Ejecutivo Nacional,Dirección Nacional de Estadística Criminal,Ministerio de Seguridad de la Nación,,,"Av. Gral. Gelly y Obes 2289, C1425EMA CABA",dnec@minseg.gob.ar,-
67,Portal de Datos Abiertos de la Secretaría de Energía de la Nación,"El Portal de Datos Abiertos de la Secretaría de Energía pone a disposición datos públicos en formato abierto de series energéticas estadísticas y geográficas. Se lanzó la primera versión en 2016 y a partir de esa fecha ha estado en línea. Se ha ido mejorando y actualizando la funcionalidad, datos y metadatos respetando los estándares definidos.",Datos,http://datos.energia.gob.ar/,05/05/2016,Gubernamental,Ejecutivo Nacional,Dirección de Información Energética,Secretaría de Energía de la Nación,,,"Balcarce 186, C1087 AAD, Buenos Aires",datosenergia@mecon.gob.ar,-
68,Datos Argentina. Portal Nacional de Datos Públicos,"El Portal Nacional de Públicos (datos.gob.ar) es el punto de acceso para buscar y acceder fácilmente a los datos que publican los organismos de la Administración Pública Nacional. Pone al alcance de la población datos públicos en formatos abiertos para que puedan ser usarlos, modificados y compartidos.",Datos,https://datos.gob.ar/,08/03/2016,Gubernamental,Ejecutivo Nacional,Dirección de Datos Abiertos,Secretaría de Innovación Pública,,,Roque Sáenz Peña 788 - Piso 7 - Ciudad Autónoma de Buenos Aires Código postal: C1035AAP,datosargentina@jefatura.gob.ar,
69,API de Series de Tiempo de la República Argentina,"La API de Series de Tiempo de Argentina, permite consultar indicadores con evolución cronológica publicados en formatos abiertos por organismos de la Administración Pública Nacional.",Innovación,https://datosgobar.github.io/series-tiempo-ar-api/,27/09/2017,Gubernamental,Ejecutivo Nacional,Dirección de Datos Abiertos,Secretaría de Innovación Pública,,,Roque Sáenz Peña 788 - Piso 7 - Ciudad Autónoma de Buenos Aires Código postal: C1035AAP,datosargentina@jefatura.gob.ar,
70,API del Servicio de Normalización de Datos Geográficos de Argentina,"La API del Servicio de Normalización de Datos Geográficos, permite normalizar y codificar los nombres de unidades territoriales de la Argentina (provincias, departamentos, municipios y localidades) y de sus calles, así como ubicar coordenadas dentro de ellas.",Innovación,https://datosgobar.github.io/georef-ar-api/,01/01/2018,Gubernamental,Ejecutivo Nacional,Dirección de Datos Abiertos,Secretaría de Innovación Pública,,,Roque Sáenz Peña 788 - Piso 7 - Ciudad Autónoma de Buenos Aires Código postal: C1035AAP,datosargentina@jefatura.gob.ar,
71,Portal de Datos Abiertos del Observatorio Universitario de la Ciudad,"Portal de datos abiertos que presenta los resultados de las investigaciones realizadas por el Observatorio Universitario de la Ciudad con el fin generar valor agregado en los trabajos e investigaciones de estudiantes, investigadores y profesionales dentro y fuera de la comunidad universitaria. Este portal se enfoca en la relevancia de los datos abiertos al ser aplicados en un ámbito académico, no solamente como objetos de control sino también aportando al desarrollo educativo y a la ciencia abierta.",Datos,http://datosabiertos.ufasta.edu.ar/,14/04/2021,No gubernamental,Academia,Observatorio Universitario de la Ciudad,Universidad FASTA,,,Roque Sáenz Peña 788 - Piso 7 - Ciudad Autónoma de Buenos Aires Código postal: C1035AAP,observatorio@ufasta.edu.ar,
72,Sistema de Información Cultural de la Argentina - SInCA-,"El SInCA produce, sistematiza y difunde información referida a la actividad cultural. Es una herramienta de gestión y un instrumento de información pública, que trabaja con insumos provenientes de diversas fuentes (relevamientos propios e información de organismos públicos, gobiernos provinciales y cámaras empresarias). Para ello a disposición, en diversos soportes, información relativa a diversas facetas de la realidad cultural argentina, a través de varios proyectos de larga trayectoria, como el Mapa Cultural, la Cuenta Satélite de Cultura, y la Encuesta Nacional de Consumos Culturales.Además, organiza la Red Federal de Enlaces Culturales, dedicada al relevamiento, sistematización, análisis y difusión de información y estadísticas culturales de diversas jurisdicciones del país; y forma parte del SICSUR, un programa del Mercosur Cultural, que sistematiza información cultural de Argentina, Bolivia, Brasil, Chile, Colombia, Costa Rica, Ecuador, Paraguay, Perú y Uruguay.",Transparencia,https://www.sinca.gob.ar/,23/04/2007,Gubernamental,Ejecutivo Nacional,Dirección de Planificación y Seguimiento de Gestión,Ministerio de Cultura,,,"Alsina 1169, Piso 2 - Ciudad de Buenos Aires",sinca@cultura.gob.ar,
73,Datos públicos del Sistema Integrado de Casos de Violencia por Motivos de Género,"El Sistema integrado de Casos de Violencia por motivos de Género (SICVG) tiene como objetivo principal el registro del trabajo de asistencia a personas en situación de violencia por motivos de género que realizan organismos especializados en todo el territorio nacional. Permite conocer de manera detallada las características de las violencias de género y, de esta manera, establecer los contextos en los cuales es más probable que las violencias se incrementen y pongan en riesgo la vida o la integridad física y psicológica de las personas que denuncian o hacen consultas. En este tablero estadístico público se presenta información para el total de registros ingresados en el SICVG. Los datos refieren a las personas en situación de violencia por motivos de género que acudieron en busca de asistencia a algún organismo estatal (nacional, provincial o municipal). Incluye a las personas asistidas identificadas y a las consultas realizadas para las cuáles no es posible individualizar a la persona asistida.",Transparencia,https://tablerosicvg.mingeneros.gob.ar,27/02/2023,Gubernamental,Ejecutivo Nacional,Dirección Técnica de Registros y Bases de Datos,"Ministerio de las Mujeres, Géneros y Diversidad",,,"Balcarce 186, Buenos Aires",mdaregistros@mingeneros.gob.ar,1143498778
74,Empresa urbana-reciclables,Tienen una página web donde se puede ver dónde están dónde están ubicados los puntos verdes de la ciudad,Transparencia,urbanacr.com.ar,,No gubernamental,,,,,,"El Chubut 1988, Comodoro Rivadavia, Chubut",,
75,"Audiencias Pública por proyecto de urbanización ""Refugios de Lobos""","Se realizó una audiencia pública 2022.Sobre general un canal de visualización en referencia a un proyecto de urbanización privado. La interacción social y la participación ciudadana fue, estableció una postura de igualdad los grupos sociales (Asociaciones, academicos y públicos en general.",Participación,https://www.youtube.com/watch?v=2aqZ4kIlqLE,,Gubernamental,Ejecutivo Municipal,Subsecretaría de Ambiente,,Chubut,Comodoro Rivadavia,"https://www.google.com/maps/dir//REFUGIO+DE+LOBOS+Escalante+Chubut/@-45.963626,-67.5701347,13z/data=!4m8!4m7!1m0!1m5!1m1!1s0xbde5adc59ffba29f:0x817d2a2c44095cd7!2m2!1d-67.5701347!2d-45.963626?entry=ttu",,-
76,Datos Abiertos del Poder Judicial de Chubut,"Portal de datos abiertos del Poder Judicial de la provincia de Chubut algunos de DATATS: presupuesto recursos humanos, denuncias.",Datos,https://www.juschubut.gov.ar/index.php/organizacion/secretarias-y-direcciones-stj/direccion-de-estadisticas/indicadores/indicadores-del-poder-judicial-de-la-provincia-del-chubut/estadistica-datos-abiertos,,Gubernamental,Poder Judicial,,Poder Judicial,Chubut,,"Roberto Jones 75, Chubut",,
77,Infraestructura de Datos Especiales UNPSJB,"Creación de una IDE para la Universidad Nacional de la Patagonia San Juan Bosco , con el objetivo de poner a disposición datos de diferentes categorías, para la comunidad universitaria y la ciudadanía. se encarga de la producción del proyecto de laboratorio de Sic y Teledetección.",Datos,https://geoportal.unp.edu.ar/institucional/,,No gubernamental,Academia,,"Universidad Nacional de la Patagonia, San Juan Bosco-Sede Comodoro Rivadavia.",,,"https://www.google.com/maps/place/Universidad+Nacional+de+la+Patagonia+San+Juan+Bosco+(UNPSJB)+%7C+Sede+Comodoro+Rivadavia/@-45.8246607,-67.4638757,15z/data=!4m2!3m1!1s0x0:0xcfe1a192df3789b2?sa=X&ved=2ahUKEwiR6PKKx_aCAxXwqJUCHbTFAf4Q_BJ6BAhiEAA",labsigyt@fhes.unp.edu.ar,
78,GEOMOP,Es una plataforma de datos abiertos geolocalizados que ofrece información para el análisis territorial de la obra pública.,Transparencia,https://geoportal.obraspublicas.gob.ar/,,Gubernamental,Ejecutivo Nacional,,Ministerio de Obras Públicas,,,"Hipólito Yrigoyen 250, piso 11",observatorioop@obraspublicas.gob.ar,
79,Mapa de Inversiones,Es una plataforma de datos abiertos que ofrece información sobre las obras y proyectos que gestiona el MOP. Busca amplificar la participación y el control ciudadano y fortalecer la transparencia de la gestión. Es abierto a toda la ciudadanía y actualmente alcanzó más de 2 millones de visitas.,Transparencia,https://mapainversiones.obraspublicas.gob.ar/,,Gubernamental,Ejecutivo Nacional,,Ministerio de Obras Públicas,,,"Hipólito Yrigoyen 250, piso 12",sullud@obraspublicas.gob.ar,
80,Portal de Datos,"Portal de datos abiertos donde el Municipio, a través de su secretarías, pone a disposición de la ciudadanía diferentes datasets con información reutilizable. El mismo está disponible en datos.vivamos comodoro.gob.ar",Datos,https://datos.vivamoscomodoro.gob.ar/,,Gubernamental,Ejecutivo Municipal,,Municipio de Comodoro Rivadavia,Chubut,Comodoro Rivadavia,Moreno 815 - Comodoro Rivadavia,datospublicos@comodoro.gov.ar,
81,CR Labs,La idea del proyecto de los CR Labs talleres de participación ciudadana es recolectar datos de las necesidades y cuestiones que vive el vecino del barrio para armar proyectos imaginarios y planificación para el desarrollo y crecimiento ya sea del barrio y la ciudad.,Participación,https://crlab.vivamoscomodoro.gob.ar/,,Gubernamental,Ejecutivo Municipal,Área de Planeamiento Urbano,Municipio de Comodoro Rivadavia,Chubut,Comodoro Rivadavia,Dalle Mura y Llames MassiniBarrio Stella Maris,planeamiento@comodoro.gov.ar,
82,CR Lab ,"Se realiza un relevamiento de las necesidades de los vecino en cada barrio de la ciudad. Se vuelcan los datos relevados, mapeos, características geográficas hidrológicas y geológicas. Las propuestas de mejora (como ejemplo accesibilidad, espacios de recreación, plazas, etc.) proyecto que luego se elevará a las otras áreas para su ejecución.",Participación,https://crlab.vivamoscomodoro.gob.ar/,,Gubernamental,Ejecutivo Municipal,CR labs Barrio Los Altos,Municipio de Comodoro Rivadavia,Chubut,Comodoro Rivadavia,Dalle Mura y Llames MassiniBarrio Stella Maris,karinasegovia@gmail.com,
83,PRESUPUESTO PARTICIPATIVO VICENTE LÓPEZ,El presupuesto participativo tiene como objetivo convocar a los vecinos y vecinas a involucrarse en el proceso de mejora del municipio. A través de la generación de ideas por parte de vecinos y vecinas se analiza la factibilidad y los elegidos pasan a la etapa de proyectos que se votan posteriormente. Los proyectos elegidos se ejecutan. La finalidad es que la ciudadanía se involucre en la distribución del presupuesto municipal,Participación,https://presupuestoparticipativo.vicentelopez.gob.ar/,,Gubernamental,Ejecutivo Municipal,Subsecretaría de Participación Ciudadana,Municipio de Vicente López con Democracia en Red,Buenos Aires,Vicente Lopez,"D. de Acassuso 1750, CP 1636, Olivos.",participacion.ciudadana@vicentelopez.gov.ar,4851-2000 opción 6
84,PORTAL INTERACTIVO - MINISTERIO DE SALUD PBA,"Se procesa, analiza, publican datos e indicadores de salud en relación a la Dirección de Estadística e información de Salud del Ministerio de Salud de PBA, de las áreas de egreso, rendimientos, establecimientos de salud y estadísticas vitales y se presenta en diferentes tableros interactivos.",Transparencia,"Portal interactivo – Información, estadística y salud digital (gba.gov.ar)",,Gubernamental,Ejecutivo Provincial,Dirección Estadística y Salud Digital,Ministerio de Salud,Buenos Aires,,Calle 4 N°962 esq. 51 – La Plata,uais.deisba@gmail.com,0221-4830935
85,QUILMES PARTICIPA,"Encuentros vecinales con las organizaciones de la sociedades civil para promover espacios de diálogo, escucha e intercambio sobre situaciones cotidianas de los barrios y políticas públicas",Participación,participacion.quilmes.gov.ar,,Gubernamental,Ejecutivo Municipal,,Municipio de Quilmes,Buenos Aires,Quilmes,"Alberdi 500, B1878 Quilmes, Provincia de Buenos Aires",,
86,FORO DE GESTIÓN MUNICIPAL,"Se trata de un foro anual abierto a la participación de los vecinos y las vecinas del distrito para rendir cuentas del estado de avance de los principales proyectos de gestion en curso, y para planificar participativamente las prioridades a encarar en el distrito. Se trabaja en comisiones por área y luego se pone en común las conclusiones en un plenario.",Participación,https://quilmes.gov.ar/noticias/noticia.php?id_noti=4696,,Gubernamental,Ejecutivo Municipal,,Municipio de Quilmes,Buenos Aires,Quilmes,"Alberdi 500, B1878 Quilmes, Provincia de Buenos Aires",,
87,PLANIFICACIÓN Y EVALUACIÓN PARTICIPATIVA DE MODERNIZACIÓN,Elaborar y planificar el Plan de Modernización 2020-2023- Evaluación de lo realizado. Planificar e innovar en un nuevo plan de modernización,Participación,https://conectividadymodernizacion.lapampa.gob.ar/,,Gubernamental,Ejecutivo Provincial,,Subsecretaria de Modernización del Gobierno de la Pampa,La Pampa,,"Juan B. Justo Nº 382, Santa Rosa, La Pampa 6300, Argentina",ministeriocym@lapampa.gob.ar,
88,PUBLICACIÓN DE DATOS E INFORMACIÓN EN SALUD DE LA PBA EN IDEBA,"El objetivo del proyecto consiste en la publicación de información en salud de la Provincia de Buenos Aires a nivel de partido, región sanitaria o establecimiento de salud. Esta información puede ser visualizada, observada y utilizada por los usuarios",Participación,https://catalogo.datos.gba.gob.ar/dataset?groups=salud-,,Gubernamental,Ejecutivo Provincial,,Ministerio de Salud,Buenos Aires,,"Avenida 51 Nº1120 entre 17 y 18, La Plata.",,
89,Banca del Vecino,"Espacio en donde vecines de Santa Rosa van y plantean propuestas, inquietudes. No son vinculantes las decisiones.",Participación,Municipalidad de Santa Rosa,,Gubernamental,Legislativo Municipal,,"Honorable Concejo Deliberante de Santa Rosa, La Pampa",La Pampa,Santa Rosa,"Av. San Martín 27, L6300BBA Santa Rosa, La Pampa",,
90,MAPA DE OBRAS,Portal de Obras muestra parte de las Obras desarrolladas en el Distrito. El objetivo es acercar al vecino la información de las obras del municipio y puedan aportar a la información del Portal,Transparencia,http://gis.quilmes.gov.ar/mapa_interactivo/obras/,,Gubernamental,Ejecutivo Municipal,,Ejecutivo -Jefatura de Gabinete - Modernización,Buenos Aires,Quilmes,"Calle 6 entre 53 y 51, La Plata",gis. quilmes@gmail.com,
91,Portal de Compras Públicas,Tenemos el sitio https://unnecompras.unne.edu.ar/diaguita_produccion/aplicacion.php?&ai=diaguita||110000003 dónde se publica todos los datos e información de las compras de toda la universidad,Transparencia,https://unnecompras.unne.edu.ar/diaguita_produccion/aplicacion.php?&ai=diaguita||110000003,,No gubernamental,Academia,,Universidad Nacional del Nordeste,,,"Av. Las Heras 727, H3500 Resistencia, Chaco",,
92,CUMBRE DE DATOS(La Academia + Datathon),"Se trata de un evento, para conocer a la comunidad de usuarios, fomentar la reutilización de datos del Portal de Datos abiertos. El evento conta de 5 etapas. a) Capacitación a cargo de ""la academia"" b) sensibilización y base del concurso de datos,c) ""Dtathon"".consuros para que se haga uso de los recursos publicados en el Portal de Datos abiertos de Corrientes d) Semifinal virtual para seleccionar 5 ganadores e) Jornada de cierre con panekles de experiencias y presentacion de las 5 mejores visualizaciones creadas.",Datos,https://www.cumbrededatos.ar/,,Gubernamental,Ejecutivo Municipal,,"Subsecretaria de Modernización, Innovación y Tecnología",Corrientes,Corrientes,"25 de Mayo 1132, W3400 BCN, Corrientes",cumbrededatos@gmail.com | dginnovacionygobiernoabierto@gmail.com,
93,CONCEJO DELIBERANTE ESTUDIANTIL,"Estudiantes de cuarto año son legisladores por un año. Proponen, participan.",Participación,https://www.concejovillamaria.gob.ar/concejo-estudiantil/,,Gubernamental,Legislativo Municipal,,HCD Villa Maria,Córdoba,Villa Maria,"Bartolomé Mitre 90, Villa maría , Córdoba",prensaconcejodeliberantevm@gmail.com,
94,TUCUMÁN A LA OBRA,"Es una iniciativa que permite nuestro Ministerio, que es un área nueva y vincula diferentes dependencias. Busca dotar de contactos y generar encuentros con organizaciones intermedias con el fin de integrarlas a la participación de proyectos de obras públicas de la Provincia. A través de coloquios, gabinetes ampliados, pudimos escuchar y coordinar acciones sobres las demandas de los diferentes medios y nos permite integrarlos con criterios de sustentabilidad y cuidado del medio ambiente",Participación,https://www.comunicaciontucuman.gob.ar/noticia/obras-servicios-publicos/216467/paso-primera-edicion-tucuman-obra-exito-total,,Gubernamental,Ejecutivo Provincial,,Ministerio de Obras y Servicios Públicos,Tucumán,,"Pcia de Corrientes 1015, T4000 San Miguel de Tucumán, Tucumán",leamedina9@gmail.com,
95,OBSERVATORIO DE LA OBRA PÚBLICA,"El observatorio de la Obra Pública es un espacio interinstitucional de participación e intercambio conformado por el Ministerio de Obras Públicas, sus organismos descentralizados y empresas, Sindicatos, Cámaras empresariales, Universidades, organizaciones de la Sociedad Civil y Cooperativas, para construcción colectiva de políticas.",Participación,https://www.argentina.gob.ar/obras-publicas/Observatorio,,Gubernamental,Ejecutivo Nacional,,Ministerio de Obras Publicas,Buenos Aires,,"Calle 7 Nro 1267, entre 58 y 59, La Plata, Buenos Aires",observatorioop@obraspublicas.gob.ar,
96,FUNDACIÓN FUTURO EN ACCION-MEDIO AMBIENTE,"La Fundación generó proyectos de Medio Ambiente, a través de trabajo en conjunto con las comunas y municipios, procediendo de ese modo conexión entre los ciudadanos, el gobierno y la organización de la fundación, promoviendo mejoras en políticas públicas",Participación,,,No gubernamental,Organización de la Sociedad Civil,,Fundación Futuro en Acción,Tucumán,,"Amador Lucero 2420 , San Miguel De Tucuman",r.bel@live.com.ar,
97,PACHALAB,"Laboratorio Ciudadano. Dispositivo que reúne personas de diferente formación que se reúnen para resolver problemas comunes. Como Laboratorio creamos, desarrollamos y facilitamos propuestas participativas e innovadoras para diferentes poblaciones etarias",Innovación,https://www.instagram.com/pachalab_salta/,,No gubernamental,Organización de la Sociedad Civil,,Organización de la Sociedad Civil en articulación con la Academia,Salta,,"Caseros N° 2205, 2º piso, Dpto. 1, Salta",pachalabsalta@gmail.com,
98,CONSEJOS PROVINCIALES DE PARTICIPACIÓN CIUDADANA,"Espacios de participación ciudadana colaborativos, multiactorales que tienen incidencia en la generación de políticas públicas, poniendo en práctica el sistema de gobernanza. Participa el gobierno provincial. municipal, organizaciones de la Sociedad civil, Academia, Cultos y ciudadanos",Participación,,,Gubernamental,Ejecutivo Provincial,,Poder Ejecutivo Dirección Provincial de Relaciones con la Sociedad Civil DIPRESCI,Tucumán,,"Jorge Newbery N°639, S.S. de Jujuy, Jujuy",ingrid_carretero@hotmail.com,
99,SISTEMA DE OBJETIVOS DE DESARROLLOS SOSTENIBLE Y SU SITIO WEB,"Portal web en el cual se puede consultar el conjunto de compromisos adquiridos con los Tucumanos, a través de los lineamientos estratégicos para el desarrollo de Tucumán y su vinculación con los objetivos del Desarrollo Sostenible. Dichos lineamientos consensuados con el sector público, privado y la sociedad civil, constituyen un marco orientador para encauzar el accionar de las políticas públicas del estado cuyas metas deben ser alcanzadas en 2030",Transparencia,,,Gubernamental,Ejecutivo Provincial,,Secretaría de Estado de Gestión Pública y Planeamiento,Tucumán,,"Av. Alem 252 Sur, T4000 San Miguel de Tucumán, Tucumán",hernanzuruy@gmail.com,
100,EXPERIENCIA MUNICIPAL DE LA CIUDAD DE FAMAILLA,"El proyecto aborda la reestructuración en la formación vial para poder distribuir el fluido del tránsito en la provincia. Par evitar el caos en los centros urbanos. Del proyecto participan personal de tránsito, comunidad, centros de vecinos, público en general.",Participación,,,Gubernamental,Poder Judicial,,Poder Judicial Centro Judicial de Tucumán. Area de Transito e investigación de la comunidad en la vía pública,Tucumán,Famaillá,"9 de Julio 440, T4000IHI San Miguel de Tucumán, Tucumán",ruthvanesadiaz@gmail.com,
101,SISTEMA DE GESTION DE OBRAS BAPO.NET,"Es un sistema por el cual se pueden cargar los diferentes estados de una obra. Ej: Ejecución, también se cargan pagos de certificados, ampliación de plazos, %de ejecución, redeterminaciones, quiénes son los inspectores, las empresas que lo ejecutan. Esto es en primera instancia, luego se hará el apartado web, para que la ciudadanía pueda ver el estado de todas las obras en ejecución participantes",Transparencia,,,Gubernamental,Ejecutivo Provincial,,Secretaria de Obras públicas en conjunto con el Registro de Constructores,Tucumán,,"Pcia de Corrientes 1015, T4000 San Miguel de Tucumán, Tucumán",paulmartinhllo@gmail.com,
102,OBSERVATORIO MUNICIPAL DE DERECHOS DE LAS PERSONAS CON DISCAPACIDAD,"Es una organización conformada por padres, profesionales y personas con discapacidad, que se dedica a ""observar"" /auditar, el cumplimiento de las normas que protegen a las personas con discapacidad. Formulan proyectos y presentan reclamos a las autoridades municipales. También es un espacio en donde se gestionan denuncias.",Participación,,,Gubernamental,Legislativo Municipal,,"Municipalidad de Yerba Buena, Poder Legislativo, Concejo Deliberante",Tucumán,Yerba Buena,"Av. Aconquija 1991, T4107 Yerba Buena, Tucumán",observatoriodiscapacidadyb@gmail.com,
103,MESAS DE TRABAJO BARRIALES ASOCIACIÓN CIVIL TECHO,"Es una asociación civil sin fines de lucro que busca la justicia social y la participación ciudadana, con el objetivo de hacer valer los derechos de las personas. Entre una de las herramientas de trabajo para conocer las problemáticas que surgen en cada barrio popular y sus necesidades, se organizan mesas de trabajo con el fin de escuchar a los vecinos y vecinas para poder llevar a cabo dichos pedidos facilitando la mediación y las herramientas necesarias.",Participación,,,No gubernamental,Organización de la Sociedad Civil,,"ORGANIZACIÓN DE LA SOCIEDAD CIVIL ""UN TECHO PARA MI PAÍS""",,,Tucumán 129. Planta Baja A. Barrio Centro. Córdoba Capital,palopujolmarti@hotmail.com,
104,LÍDERES BARRIALES,"Es un proyecto de prevención de la violencia de género y de empoderamiento de mujeres en el barrio Victoria de la Ciudad de San Miguel de Tucumán, conformado por más de 100 vecinas donde intervienen 4 Ministerios Provinciales (Salud, Desarrollo productivo, Seguridad y Desarrollo Social)",Participación,,,Gubernamental,Ejecutivo Provincial,,Poder Ejecutivo y VECINOS,Tucumán,,"12 de Octubre 248, T4000JGF San Miguel de Tucumán, Tucumán",josenestorfarhat@gmail.com,
105,CÓDIGOS DE ÉTICA PARA CONCEJOS DELIBERANTES,"Elaborar de manera colaborativa (con los estudiantes) 4 código de ética para 4 concejos deliberantes con una dinámica de a. Diagnóstico: Encuestas poblacionales, entrevistas en profundidad y grupos focales con los y las concejales. b) Redacción de códigos: Normativa de referencia, estándares y escritura conforme la información del diagnóstico. c) Difusión: Construcción de campañas de difusión a la ciudadanía de los códigos elaborados.",Participación,,,No gubernamental,Academia,,"Academia, Cátedra de ética política y pública - Facultad de Ciencia política y Relaciones Internacionales-",Córdoba,,"Av. Armada Argentina 3555, Córdoba",griselda.ibana@ucc.edu .ar Teléfono: 3515098089,
